kommune,kommunenummer,lyn_treff,lyn_per_år,andel (%),areal_km2,lyn_per_km2_per_år
Aarborte - Hattfjelldal,1826,15258,1525.173645320197,0.5609923881076084,2684.35,0.5681724236110034
Alstahaug,1820,1474,147.3394909688013,0.0541947031111951,188.16,0.7830542674787484
Alta,5601,11706,1170.1194581280788,0.43039565442310035,3848.82,0.30402031223286063
Alvdal,3428,8032,802.8702791461412,0.2953133347280319,942.1500000000001,0.8521682101004523
Alver,4631,4915,491.2982348111658,0.18071028886806237,679.1500000000001,0.7234016562043226
Andøy,1871,1231,123.04946633825944,0.04526029818852183,656.18,0.1875239512607203
Aremark,3124,5461,545.8758210180624,0.20078512462024184,319.26,1.7098158899269011
Arendal,4203,11045,1104.046592775041,0.4060926023494911,270.2,4.086034762305852
Asker,3203,10357,1035.2748357963874,0.3807968386178071,376.61,2.748930819140191
Askvoll,4645,2773,277.1861658456486,0.10195516399412756,326.24,0.8496388114444844
Askøy,4627,751,75.06917077175697,0.027612090933858562,101.10000000000001,0.7425239443299403
Aukra,1547,609,60.875,0.022391162954354015,60.660000000000004,1.003544345532476
Aure,1576,4421,441.918513957307,0.1625473422351381,641.28,0.6891194391799323
Aurland,4641,5231,522.88526272578,0.19232869197738234,1467.69,0.35626410394959424
Aurskog-Høland,3226,29192,2918.001642036125,1.073305137871104,1144.8,2.5489182757128974
Austevoll,4625,3107,310.57245484400653,0.11423537487549741,117.23,2.6492574839546745
Austrheim,4632,266,26.589080459770113,0.009780048186959225,57.54,0.46209733159141664
Averøy,1554,1035,103.45751231527093,0.03805394689286766,175.70000000000002,0.5888304628074611
Balsfjord,5532,3052,305.07471264367814,0.11221318446090058,1496.99,0.20379208454543996
Bamble,4012,5821,581.8610426929392,0.21402128006123927,304.38,1.9116270539882358
Bardu,5520,6756,675.3226600985222,0.2483985171093854,2703.89,0.2497596648156997
Beiarn,1839,2108,210.7134646962233,0.0775050435267295,1222.31,0.17238954495686307
Bergen,4601,6864,686.1182266009852,0.25236936374168467,464.78,1.4762214953332442
Berlevåg,5630,2412,241.10098522167488,0.0886822414546829,1121.77,0.21492907211074896
Bindal,1811,7339,733.5987274220032,0.2698337355041118,1266.07,0.5794298320171896
Birkenes,4216,9102,909.8263546798029,0.33465413006655215,637.36,1.4274920840338314
Bjerkreim,1114,6357,635.439039408867,0.23372844482894656,650.55,0.9767720227636107
Bjørnafjorden,4624,6053,605.0515188834154,0.22255124690099318,517.4,1.1694076514948113
Bodø,1804,5238,523.5849753694581,0.19258606166651288,1395.3,0.3752490327309239
Bokn,1145,1460,145.940065681445,0.05367996373293409,47.15,3.095229388789926
Bremanger,4648,4420,441.8185550082102,0.16251057513669087,833.1199999999999,0.5303180274248731
Brønnøy,1813,5536,553.3727422003284,0.203542657003783,1046.03,0.5290218657211824
Bygland,4220,9579,957.5067733990147,0.35219203602587373,1311.7399999999998,0.7299516469719722
Bykle,4222,4493,449.1155582922824,0.1651945733233376,1467.1000000000001,0.3061247074448111
Båtsfjord,5632,1383,138.24322660098522,0.050848897152498525,1435.12,0.096328687915286
Bærum,3201,5839,583.660303776683,0.21468308783328915,192.28,3.0354706874177397
Bø,1867,598,59.77545155993432,0.02198672487143465,246.72,0.24228052675070655
Bømlo,4613,6353,635.0392036124795,0.23358137643515772,246.57,2.5754925725452384
Deatnu - Tana,5628,9082,907.8271756978653,0.33391878809760783,4051.28,0.22408403657556752
Dielddanuorri - Tjeldsund,5512,652,65.17323481116584,0.023972148187584266,814.41,0.08002509155237024
Dovre,3431,11396,1139.132183908046,0.41899785390446365,1364.38,0.834908298207278
Drammen,3301,7344,734.0985221674877,0.2700175709963479,317.60999999999996,2.3113205571848736
Drangedal,4016,17443,1743.5839490968801,0.6413284982147736,1062.77,1.6406032811397389
Dyrøy,5528,705,70.47105911330048,0.025920804405286667,288.64,0.24414862497678938
Dønna,1827,1246,124.54885057471265,0.045811804665230056,192.57,0.646771826217545
Eidfjord,4619,3212,321.06814449917897,0.118095920212455,1498.24,0.21429687132847805
Eidskog,3416,17527,1751.980500821018,0.6444169344843397,640.39,2.735802402943547
Eidsvoll,3240,12320,1231.4942528735633,0.45297065286969046,456.49,2.69774639723447
Eigersund,1101,7729,772.5827175697865,0.2841729038985258,432.5,1.786318422126674
Elverum,3420,21730,2172.1079638752053,0.7989490492579848,1229.2700000000002,1.766990135507419
Enebakk,3220,5086,508.3912151067323,0.18699746270253614,232.58,2.1858767525442095
Engerdal,3425,21862,2185.3025451559934,0.8038023062530172,2196.54,0.9948840199386277
Etne,4611,4426,442.4183087027914,0.16273117772737417,735.28,0.601700452484484
Etnedal,3450,5727,572.4649014778325,0.21056517280720108,459.14,1.2468199274248215
Evenes - Evenášši,1853,336,33.58620689655172,0.012353745078264283,252.79,0.13286208669864996
Evje og Hornnes,4219,6753,675.0227832512315,0.24828821581404378,587.0699999999999,1.1498165180493496
Farsund,4206,4967,496.4961001642036,0.18262217798731756,262.57,1.8909094723852824
Fauske - Fuossko,1841,2375,237.40250410509032,0.08732185881213594,1196.98,0.1983345620687817
Fedje,4633,303,30.28756157635468,0.011140430829506186,9.27,3.267266620965985
Fitjar,4615,1960,195.91954022988506,0.07206351295654166,142.47,1.3751634746254304
Fjaler,4646,2626,262.4922003284072,0.09655040052238693,416.59,0.6300972186764138
Fjord,1578,2771,276.98624794745484,0.10188162979723314,1190.58,0.23264816135619182
Flakstad,1859,1132,113.1535303776683,0.04162035544224753,178.54,0.633771313866183
Flatanger,5049,5515,551.2736042692939,0.20277054793639143,458.71,1.2017911191587145
Flekkefjord,4207,7371,736.7974137931034,0.27101028265442273,544.09,1.3541829730248733
Flesberg,3334,9397,939.3142446633825,0.3455004241084806,561.91,1.6716453607577415
Flå,3320,9527,952.308908045977,0.3502801469066186,704.27,1.3521929203941343
Folldal,3429,10508,1050.3686371100164,0.3863486704833366,1277.07,0.8224832132224674
Fredrikstad,3107,11320,1131.5353037766831,0.41620355442247525,292.55,3.8678355965704427
Frogn,3214,2720,271.88834154351395,0.10000650777642515,85.69000000000001,3.1729296480746165
Froland,4214,9425,942.1130952380952,0.3465299028650026,644.54,1.4616828982500625
Frosta,5036,1581,158.0350985221675,0.05812878264504712,76.32000000000001,2.0706904942632005
Frøya,5014,4104,410.23152709359607,0.1508921720273709,241.32,1.6999483138305822
Fyresdal,4032,11173,1116.8413382594417,0.4107987909507347,1280.02,0.8725186624110887
Færder,3911,8441,843.7534893267651,0.3103510779929429,99.95,8.441755771153227
Gamvik,5626,3972,397.03694581280786,0.1460389150323385,1416.55,0.28028445576422145
Gausdal,3441,13706,1370.037356321839,0.5039298513175307,1191.15,1.15018037721684
Gildeskål,1838,1105,110.45463875205255,0.04062764378417272,664.7,0.1661721660178314
Giske,1532,1031,103.05767651888341,0.037906878499078804,40.58,2.539617459804914
Gjemnes,1557,2483,248.19807060755335,0.09129270544443517,381.63,0.6503631019771856
Gjerdrum,3230,2521,251.9965106732348,0.09268985518542935,83.19000000000001,3.0291682975506045
Gjerstad,4211,6906,690.3165024630541,0.2539135818764677,322.13,2.1429748935617736
Gjesdal,1122,5538,553.5726600985222,0.20361619120067737,617.98,0.8957776305034503
Gjøvik,3407,8709,870.542487684729,0.32020466037679657,671.11,1.2971681060999374
Gloppen,4650,4721,471.90619868637106,0.17357747176930263,1030.53,0.45792572626354505
Gol,3324,4837,483.5014367816092,0.1778424551891796,532.5,0.9079839188387027
Gran,3446,13378,1337.2508210180624,0.491870243026844,756.65,1.767330761934927
Grane,1825,10310,1030.576765188834,0.379068784990788,2004.11,0.5142316365812426
Gratangen,5516,409,40.88321018062397,0.015037743264910988,312.76,0.13071751560501332
Grimstad,4202,9356,935.2159277504105,0.34399297307214477,303.58,3.0806243090796843
Grong,5045,8499,849.5511083743842,0.3124835697028814,1136.1599999999999,0.7477389701929167
Grue,3417,18339,1833.1471674876846,0.6742718184234783,837.17,2.1896952440814705
Gulen,4635,3935,393.3384646962233,0.14467853238979153,599.41,0.6562093803844169
Guovdageaidnu - Kautokeino,5612,132301,13224.668924466338,4.864323891665009,9707.35,1.3623356451004998
Gáivuotna - Kåfjord - Kaivuono,5540,3058,305.67446633825944,0.11243378705158387,991.15,0.3084038403251369
Hadsel,1866,530,52.978243021346465,0.01948656217702402,566.68,0.09348881735961471
Halden,3101,11419,1141.4312397372742,0.41984349716874964,642.48,1.7766019794192414
Hamar,3403,5027,502.4936371100164,0.18482820389415047,350.93,1.4318913661129467
Hammerfest - Hámmerfeasta,5603,2936,293.47947454844007,0.10794820104102364,2692.83,0.1089855187844907
Haram,1580,1767,176.6274630541872,0.06496746295622913,261.19,0.676241291987393
Hareid,1517,327,32.6865763546798,0.012022841192239349,82.27,0.3973085736560083
Harstad - Hárstták,5503,469,46.88074712643678,0.017243769171743896,445.27000000000004,0.10528611208129175
Hasvik,5616,354,35.385467980295566,0.013015552850314157,555.4300000000001,0.06370824042686848
Haugesund,1106,1305,130.44642857142856,0.04798106347361575,72.67999999999999,1.7948050161176192
Heim,5055,11962,1195.7089490968801,0.43980803162558746,1024.55,1.167057682979728
Hemnes,1832,4557,455.51293103448273,0.16754766762395937,1589.5,0.286576238461455
Hemsedal,3326,8491,848.7514367816092,0.3121894329153037,753.51,1.1263970442085827
Herøy,1515,1146,114.55295566502463,0.04213509482050854,119.53,0.9583615465993861
Herøy,1818,1996,199.51806239737274,0.07338712850064141,64.46,3.095222811004852
Hitra,5056,4152,415.02955665024626,0.15265699275283723,755.89,0.5490607848367438
Hjartdal,4024,7988,798.4720853858785,0.29369558239635446,791.61,1.008668517812911
Hjelmeland,1133,6771,676.8220443349753,0.24895002358609367,1068.08,0.6336810391871165
Hol,3330,10115,1011.0847701149424,0.371899200793581,1854.54,0.5451943717120916
Hole,3310,5148,514.5886699507389,0.1892770228062635,192.68,2.6706906266905692
Holmestrand,3903,13065,1305.963669950739,0.4803621412128657,432.35,3.0206167918370275
Holtålen,5026,10347,1034.2752463054187,0.38042916763333495,1209.58,0.8550697318948881
Horten,3901,2604,260.2931034482759,0.0957415243565482,70.95,3.668683628587398
Hurdal,3242,6325,632.2403530377668,0.2325518976786357,284.95,2.2187764626698256
Hustadvika,1579,2560,255.89490968801312,0.09412377202487074,521.9300000000001,0.490285880650687
Hvaler,3110,8199,819.5634236453202,0.30145344016871684,90.11,9.095143975644437
Hyllestad,4637,1600,159.9343185550082,0.05882735751554421,258.90000000000003,0.6177455332368025
Hábmer - Hamarøy,1875,2499,249.79741379310343,0.09188097901959061,2020.4399999999998,0.12363515560625579
Hå,1119,5210,520.7861247947454,0.19155658290999084,258.0,2.018550871297463
Hægebostad,4226,5477,547.4751642036125,0.20137339819539726,461.32,1.186757921190524
Høyanger,4638,6131,612.8483169129721,0.22541908057987597,1000.92,0.6122850146994486
Høylandet,5046,4478,447.6161740558292,0.16464306684662935,754.68,0.5931204935281567
Ibestad,5514,225,22.49076354679803,0.008272597150623404,241.15,0.09326462179887218
Inderøy,5053,3734,373.2467159277504,0.1372883456019013,365.67,1.0207200916885455
Indre Fosen,5054,6552,654.9310344827586,0.24089802902615357,1095.97,0.5975811696330726
Indre Østfold,3118,18800,1879.2282430213463,0.6912214508076444,791.76,2.373482170129012
Iveland,4218,3333,333.16317733990144,0.12254473912456804,261.63,1.2734135127466324
Jevnaker,3236,5422,541.977422003284,0.19935120778080045,225.71,2.401211386306694
Karlsøy,5534,1118,111.75410509031198,0.041105616063986515,1091.6,0.10237642459720776
Karmøy,1149,5258,525.5841543513957,0.19332140363545716,230.01000000000002,2.2850491472170584
Kinn,4602,6633,663.0277093596059,0.24387616400037798,811.86,0.816677394328586
Klepp,1120,3334,333.26313628899834,0.12258150622301525,113.47999999999999,2.9367565763923014
Kongsberg,3303,12859,1285.3721264367816,0.47278811893273937,793.0899999999999,1.6207140758763592
Kongsvinger,3401,22433,2242.379105090312,0.824796319466377,1036.45,2.163518843253714
Kragerø,4014,11457,1145.2296798029556,0.4212406469097437,305.46999999999997,3.7490741473891243
Kristiansand,4204,11887,1188.212027914614,0.43705049924204625,644.62,1.843275151119441
Kristiansund,1505,850,84.9651067323481,0.031252033680132865,87.44,0.9716960971220049
Krødsherad,3318,7772,776.8809523809523,0.285753889131756,374.48,2.0745592618589836
Kvam,4622,6874,687.117816091954,0.25273703472615683,616.9499999999999,1.1137333918339476
Kvinesdal,4227,9358,935.4158456486042,0.3440665072690392,963.21,0.9711442423236928
Kvinnherad,4617,8216,821.2627257799671,0.3020784808423195,1090.74,0.7529408711333289
Kviteseid,4028,9184,918.0229885057471,0.3376690321392238,708.4699999999999,1.2957824445717492
Kvitsøy,1144,2035,203.41646141215105,0.0748210453400828,6.279999999999999,32.39115627582024
Kvæfjord,5510,239,23.89018883415435,0.008787336528884417,512.62,0.046604090425957534
Kvænangen,5546,7804,780.0796387520525,0.2869304362820669,2109.68,0.3697620675894223
Kárášjohka - Karasjok,5610,50302,5028.135057471264,1.8494585860918153,5452.94,0.9220961641740537
Larvik,3909,20768,2075.9474548440066,0.7635791005517639,812.88,2.5538178511514698
Lebesby,5624,9723,971.9008620689655,0.3574864982022727,3460.5,0.2808556168383082
Leirfjord,1822,1044,104.35714285714285,0.0383848507788926,465.26,0.22429854889124973
Leka,5052,3154,315.27052545155993,0.11596342850251652,110.12,2.8629724432579
Lesja,3432,11228,1122.33908045977,0.41282098136533146,2259.49,0.49672230479434304
Levanger,5037,4957,495.4965106732348,0.1822545070028454,645.8,0.767260004139416
Lier,3312,6469,646.6344417077175,0.2378463598550347,301.83,2.142379623323452
Lierne,5042,15830,1582.3501642036124,0.5820231684194156,2961.7,0.5342709133955541
Lillehammer,3405,4726,472.4059934318555,0.1737613072615387,477.94000000000005,0.9884211269863487
Lillesand,4215,9581,957.7066912972085,0.35226557022276817,190.31,5.032350855431709
Lillestrøm,3205,12430,1242.48973727422,0.4570150336988841,456.6,2.721177698804687
Lindesnes,4205,11948,1194.3095238095239,0.4392932922473264,933.56,1.279306658178932
Loabák - Lavangen,5518,499,49.879515599343186,0.018346782125160353,301.62,0.16537204296579533
Lom,3434,6144,614.1477832512315,0.22589705285968975,1968.55,0.31197977356492423
Loppa,5614,1068,106.75615763546797,0.039267261141625764,689.2700000000001,0.1548829306882179
Lund,1112,3675,367.3491379310345,0.13511908679351559,408.39,0.8995057125077365
Lunner,3234,6887,688.4172824302134,0.2532150070059706,291.84000000000003,2.358885973239492
Lurøy,1834,1635,163.432881773399,0.060114205961196744,265.18,0.616309230610902
Luster,4644,5885,588.2584154351396,0.21637437436186102,2706.3500000000004,0.2173622833096752
Lyngdal,4225,7282,727.9010673234811,0.26773801089262056,642.79,1.1324088229802598
Lyngen,5536,1511,151.03797208538586,0.055555085753742066,812.7,0.18584714173174094
Lærdal,4642,5292,528.9827586206897,0.19457148498266247,1342.52,0.39402225562426607
Lødingen,1851,522,52.17857142857142,0.0191924253894463,527.41,0.09893360275415981
Lørenskog,3222,1910,190.92159277504103,0.0702251580341809,70.53999999999999,2.7065720552174803
Løten,3412,6049,604.6516830870279,0.22240417850720434,369.44,1.6366708615391616
Malvik,5031,1220,121.94991789819376,0.04485586010560246,168.43,0.724039172939463
Marker,3122,6954,695.1145320197044,0.25567840260193403,412.9,1.6834936595294367
Masfjorden,4634,5370,536.7795566502463,0.19743931866154527,556.08,0.9652919663542049
Melhus,5028,7459,745.5938013136289,0.2742457873177777,694.4100000000001,1.0737083298247847
Meløy,1837,1905,190.42179802955664,0.07004132254194483,873.84,0.21791380347610162
Meråker,5034,12394,1238.8912151067323,0.4556914181547843,1273.94,0.9724878841285557
Midt-Telemark,4020,8978,897.4314449917898,0.33009500985909745,518.51,1.7307890783047382
Midtre Gauldal,5027,24097,2408.7107963875205,0.885976771282543,1860.43,1.2947064906433032
Modalen,4629,4428,442.6182266009852,0.1628047119242686,411.97999999999996,1.0743682377809245
Modum,3316,11396,1139.132183908046,0.41899785390446365,517.24,2.2023280950971427
Molde,1506,9185,918.1229474548439,0.33770579923767097,1503.3600000000001,0.6107139656867576
Moskenes,1874,838,83.76559934318554,0.030810828498766277,118.78,0.7052163608619763
Moss,3103,4731,472.9057881773399,0.17394514275377476,137.77,3.4325744950086365
Målselv,5524,10532,1052.7676518883416,0.3872310808460698,3324.4500000000003,0.31667423239583736
Måsøy,5618,1616,161.53366174055827,0.05941563109069965,1137.19,0.14204632624324717
Namsos - Nåavmesjenjaelmie,5007,14619,1461.2998768472905,0.537498212199838,2132.36,0.685296984021127
Namsskogan,5044,7705,770.1837027914614,0.2832904935357926,1417.1499999999999,0.5434736638968786
Nannestad,3238,10922,1091.7516420361248,0.4015702492404837,340.98,3.2018055077603518
Narvik,1806,4350,434.82142857142856,0.15993687824538583,3432.2,0.1266888376468238
Nes,3228,23395,2338.5396141215106,0.8601662681725981,640.76,3.6496342064447074
Nesbyen,3322,7388,738.4967159277504,0.2716353233280254,809.63,0.9121409976504705
Nesna,1828,755,75.4690065681445,0.02775915932764742,183.19,0.41197121332029313
Nesodden,3212,2370,236.9027093596059,0.08713802331989985,61.47,3.8539565537596534
Nissedal,4030,13513,1350.7452791461412,0.49683380131721805,905.17,1.4922559067867265
Nittedal,3232,6188,618.5459770114942,0.22751480519136724,186.22,3.321587246329579
Nome,4018,8345,834.1574302134646,0.3068214365420103,429.67,1.9413909051445635
Nord-Aurdal,3451,10023,1001.8885467980296,0.36851662773643723,906.47,1.1052638772359036
Nord-Fron,3436,8111,810.7670361247947,0.29821793550536196,1141.32,0.7103766131538873
Nord-Odal,3414,14432,1442.607553366174,0.5306227647902088,508.14,2.838996247817873
Nordkapp,5620,1980,197.91871921182266,0.07279885492548596,926.59,0.2135990235290934
Nordre Follo,3207,5320,531.7816091954023,0.19560096373918448,202.99,2.619742889774877
Nordre Land,3448,12551,1254.5847701149426,0.46146385261099715,955.32,1.313261284297348
Nordreisa - Ráisa - Raisi,5544,20305,2029.666461412151,0.7465559339707033,3437.77,0.5904020517405617
Nore og Uvdal,3338,16029,1602.2419950738915,0.5893398210104113,2502.16,0.6403435412099513
Notodden,4005,14847,1484.0905172413793,0.545881110645803,983.89,1.5083906912778657
Nærøysund,5060,12029,1202.406198686371,0.44227142722155083,1346.1999999999998,0.8931854098101109
Oppdal,5021,20537,2052.856937602627,0.7550859008104571,2274.1099999999997,0.9027078450922019
Orkland,5059,28464,2845.231527093596,1.0465386902015315,1906.28,1.492556983808043
Os,3430,10120,1011.5845648604269,0.3720830362858171,1040.4,0.9723035033260542
Osen,5020,4284,428.2241379310345,0.15751024974786962,387.1,1.1062364710179138
Oslo,0301,13746,1374.0357142857142,0.5054005352554192,454.12,3.025710636584414
Osterøy,4630,3077,307.57368637110017,0.11313236192208097,255.10999999999999,1.205651234256204
Overhalla,5047,5240,523.7848932676519,0.19265959586340728,730.0500000000001,0.7174644110234256
Porsanger - Porsáŋgu - Porsanki,5622,16320,1631.3300492610838,0.6000390466585509,4874.29,0.33468054819493376
Porsgrunn,4001,3781,377.94478653530376,0.13901639922892042,164.44,2.298375009336559
Raarvihke - Røyrvik,5043,7222,721.9035303776683,0.2655319849857877,1584.7399999999998,0.4555343654969701
Rakkestad,3120,7758,775.481527093596,0.285239149753495,434.87,1.7832490792503415
Rana,1833,9917,991.2928981937603,0.3646193153010325,4460.19,0.22225351345878996
Randaberg,1127,869,86.86432676518884,0.03195060855062995,24.72,3.5139290762616846
Rauma,1539,6188,618.5459770114942,0.22751480519136724,1449.26,0.4268012482311622
Rendalen,3424,37776,3776.0492610837437,1.3889139109419988,3179.51,1.1876198725853178
Rennebu,5022,13290,1328.454433497537,0.48863473836348914,947.95,1.4013971554380893
Rindal,5061,17342,1733.4880952380952,0.6376150212716049,631.94,2.7431213330982294
Ringebu,3439,11833,1182.8142446633826,0.43506507592589666,1247.57,0.9480944914220306
Ringerike,3305,37838,3782.2467159277503,1.391193471045726,1555.1000000000001,2.4321565918125843
Ringsaker,3411,13767,1376.1348522167486,0.5061726443228107,1280.09,1.0750297652639649
Risør,4201,5370,536.7795566502463,0.19743931866154527,183.66,2.922680805021487
Rollag,3336,5759,575.6635878489327,0.21174171995751193,449.28,1.2813025014443837
Rosse - Røros,5025,14382,1437.60960591133,0.528784409867848,1956.53,0.7347751406374193
Råde,3112,2962,296.07840722495894,0.10890414560065123,118.76,2.4930819065759424
Rælingen,3224,1753,175.22803776683085,0.06445272357796812,71.67999999999999,2.4445875804524397
Rødøy,1836,2470,246.8986042692939,0.09081473316462138,711.2900000000001,0.3471138414279603
Røst,1856,241,24.09010673234811,0.008860870725778847,10.11,2.3827998746140566
Salangen,5522,961,96.0605500821018,0.03533318160777374,458.07,0.20970714100923832
Saltdal,1840,3927,392.53879310344826,0.1443843956022138,2216.19,0.17712325798033934
Samnanger,4623,4670,466.8082922824302,0.17170234974849466,269.06,1.7349598315707657
Sande,1514,587,58.675903119868636,0.021582286788515283,93.24,0.6292996902602814
Sandefjord,3907,6303,630.0412561576354,0.23174302151279697,422.26,1.4920694741572382
Sandnes,1108,9340,933.6165845648604,0.3434046994969893,1040.6100000000001,0.8971820226260178
Sarpsborg,3105,11035,1103.0470032840722,0.40572493136501897,405.59999999999997,2.719543893698403
Sauda,1135,2664,266.29064039408865,0.09794755026338112,546.56,0.48721209088496903
Sel,3437,8065,806.1689244663382,0.29652664897679004,905.04,0.8907550212878307
Selbu,5032,10722,1071.7598522167486,0.39421682955104065,1234.8400000000001,0.8679341876006191
Seljord,4022,7191,718.804802955665,0.264392204933924,715.0799999999999,1.005208931805763
Senja,5530,2420,241.90065681444992,0.08897637824226062,1946.1100000000001,0.12429958060667172
Sigdal,3332,15601,1559.4595648604268,0.5736035028750033,842.48,1.8510345229090621
Siljan,4010,5149,514.6886288998357,0.1893137899047107,213.95000000000002,2.4056491184848596
Sirdal,4228,9309,930.5178571428571,0.34226491944512566,1554.28,0.5986809694153287
Skaun,5029,1992,199.11822660098522,0.07324006010685254,224.2,0.8881276833228601
Skien,4003,16436,1642.9252873563219,0.6043040300784279,779.2,2.108477011494253
Skiptvet,3116,2382,238.10221674876846,0.08757922850126644,101.2,2.3527887030510715
Skjervøy,5542,1594,159.33456486042692,0.058606754924860914,474.0,0.3361488710135589
Skjåk,3433,3859,385.74158456486043,0.1418842329078032,2075.5099999999998,0.18585387907784615
Smøla,1573,1750,174.92816091954023,0.06434242228262647,271.91,0.6433311055847163
Snåase - Snåsa,5041,20010,2000.1785714285713,0.7357096399287747,2342.66,0.8538066007993356
Sogndal,4640,5220,521.7857142857142,0.191924253894463,1257.8400000000001,0.41482677787772226
Sokndal,1111,5530,552.7729885057471,0.2033220544130997,294.98,1.873933787055892
Sola,1124,3450,344.8583743842364,0.1268464896428922,69.05,4.994328376310448
Solund,4636,1437,143.64100985221674,0.052834320468648145,228.21,0.6294246959038462
Sortland - Suortá,1870,511,51.07902298850575,0.01878798730652693,721.97,0.07074950896644701
Stad,4649,3533,353.1549671592775,0.12989815881401107,752.78,0.46913436483338755
Stange,3413,12393,1238.7912561576354,0.45565465105633707,724.27,1.7103997903511612
Stavanger,1103,5810,580.7614942528735,0.2136168419783199,262.22,2.21478717966926
Steigen,1848,2563,256.19478653530376,0.09423407332021239,1009.26,0.2538441893419969
Steinkjer,5006,18519,1851.1397783251232,0.6808898961439771,2122.06,0.8723314978488466
Stjørdal,5035,7907,790.3754105090312,0.29071744742213007,938.2700000000001,0.8423752336843671
Stor-Elvdal,3423,23286,2327.6440886699506,0.8561586544418515,2165.77,1.0747420495574094
Stord,4614,1929,192.82081280788177,0.07092373290467799,143.72,1.3416421709426787
Storfjord - Omasvuotna - Omasvuono,5538,5206,520.3862889983579,0.19140951451620197,1542.7299999999998,0.3373152068076449
Strand,1130,2617,261.5925697865353,0.09621949663636199,261.79,0.9992458450916203
Stranda,1525,2464,246.29885057471265,0.09059413057393809,865.86,0.284455744086472
Stryn,4651,4065,406.3331280788177,0.1494582551879295,1382.02,0.29401392749657584
Sula,1531,350,34.985632183908045,0.012868484456525296,58.51,0.5979427821553247
Suldal,1134,9216,921.2216748768473,0.3388455792895346,1736.28,0.5305720706780285
Sunndal,1563,11982,1197.7081280788177,0.4405433735945317,1713.37,0.6990364766972795
Sunnfjord,4647,12451,1244.5888752052545,0.4577871427662756,2208.13,0.563639312542855
Surnadal,1566,23064,2305.4532019704434,0.8479963585865699,1366.03,1.687703199761677
Sveio,4612,2312,231.10509031198686,0.08500553160996138,246.15,0.9388790993783743
Sykkylven,1528,853,85.26498357963875,0.03136233497547451,337.8,0.25241262160935096
Sømna,1812,1684,168.33087027914613,0.061915793785110286,195.19,0.8623949499418317
Søndre Land,3447,9590,958.6063218390805,0.3525964741087931,728.35,1.3161341687912136
Sør-Aurdal,3449,12361,1235.5925697865353,0.4544781039060262,1109.05,1.1140999682489836
Sør-Fron,3438,6494,649.1334154351396,0.23876553731621508,742.1999999999999,0.8746071347819181
Sør-Odal,3415,15466,1545.965106732348,0.5686399445846292,516.74,2.9917658914199556
Sør-Varanger,5605,9966,996.1908866995074,0.366420903124946,3971.42,0.25083997328399094
Sørfold,1845,2293,229.20587027914613,0.0843069567394643,1637.42,0.13997988926429755
Sørreisa,5526,635,63.47393267651888,0.02334710751398161,362.97,0.17487377104586846
Time,1121,2099,209.81383415435138,0.07717413964070456,183.18,1.1453970638407653
Tingvoll,1560,2064,206.31527093596057,0.07588729119505203,336.81,0.612556844915414
Tinn,4026,15723,1571.6545566502461,0.5780890888855635,2045.13,0.7684863830906818
Tokke,4034,5884,588.1584564860427,0.2163376072634138,984.5799999999999,0.5973699003494309
Tolga,3426,11828,1182.3144499178982,0.43488124043366055,1122.56,1.053230517672016
Tromsø,5501,3208,320.6683087027914,0.11794885181866613,2520.7999999999997,0.1272089450582321
Trondheim - Tråante,5001,4407,440.51908866995075,0.1620326028568771,528.6,0.8333694450812538
Trysil,3421,37537,3752.1590722495894,1.3801265744131144,3014.4,1.244744915157109
Træna,1835,775,77.4681855500821,0.02849450129659173,16.54,4.683687155385859
Tvedestrand,4213,7312,730.8998357963875,0.26884102384603703,224.35,3.2578552966186205
Tydal,5033,8472,846.8522167487685,0.3114908580448066,1328.6399999999999,0.6373827498410167
Tynset,3427,15756,1574.9532019704434,0.5793024031343216,1880.26,0.8376252230917232
Tysnes,4616,2982,298.0775862068965,0.10963948756959553,255.12,1.1683818838464115
Tysvær,1146,5070,506.79187192118223,0.18640918912738072,425.53000000000003,1.1909662583629408
Tønsberg,3905,7358,735.4979474548439,0.27053231037460895,329.26,2.233790765519176
Ullensaker,3209,8196,819.2635467980296,0.3013431388733752,252.44,3.245379285366937
Ullensvang,4618,11962,1195.7089490968801,0.43980803162558746,3229.8999999999996,0.37019999043217444
Ulstein,1516,454,45.38136288998358,0.016692262695035667,97.19999999999999,0.4668864494854278
Ulvik,4620,3233,323.16728243021345,0.11886802927984652,722.0,0.4476001141692707
Unjárga - Nesseby,5636,2732,273.08784893267654,0.10044771295779173,1437.19,0.1900151329557515
Utsira,1151,3313,331.16399835796386,0.12180939715562374,6.289999999999999,52.64928431764132
Vadsø,5607,1821,182.0252463054187,0.06695288627237876,1258.06,0.14468725363290996
Vaksdal,4628,9559,955.5075944170771,0.3514566940569295,715.37,1.3356830652907965
Valle,4221,6185,618.2461001642035,0.22740450389602557,1265.26,0.4886316647678766
Vang,3454,13242,1323.6564039408865,0.4868699176380228,1504.8400000000001,0.8795994284713899
Vanylven,1511,1507,150.63813628899834,0.05540801735995321,385.11,0.39115612757133894
Vardø,5634,574,57.37643678160919,0.021104314508701486,600.85,0.09549211414098226
Vefsn,1824,6440,643.735632183908,0.23678011400006543,1929.3999999999999,0.33364550232399093
Vega,1815,4143,414.1299261083744,0.1523260888668123,164.79,2.513076801434398
Vegårshei,4212,8046,804.2697044334975,0.29582807410629297,355.65,2.261407857257128
Vennesla,4223,5407,540.4780377668309,0.19879970130409222,384.46999999999997,1.40577428087193
Verdal,5038,12632,1262.6814449917897,0.4644419875852216,1547.8100000000002,0.8157858167293076
Vestby,3216,2857,285.5827175697865,0.10504360026369364,133.97,2.1316915546001827
Vestnes,1535,1240,123.94909688013136,0.04559120207454676,404.59000000000003,0.30635729227151276
Vestre Slidre,3452,4677,467.50800492610836,0.17195971943762517,457.11,1.0227472707359462
Vestre Toten,3443,2989,298.7772988505747,0.10989685725872603,250.7,1.1917722331494804
Vestvågøy,1860,1217,121.65004105090311,0.044745558810260815,424.29,0.2867143723653706
Vevelstad,1816,1736,173.5287356321839,0.06382768290436547,539.04,0.3219218158804243
Vik,4639,3953,395.1377257799671,0.1453403401618414,833.2099999999999,0.47423545778371257
Vindafjord,1160,5418,541.5775862068965,0.19920413938701156,620.53,0.8727661615182127
Vinje,4036,10509,1050.4685960591132,0.3863854375817838,3105.84,0.33822366769025874
Volda,1577,2737,273.58764367816093,0.10063154845002781,876.87,0.3120047939582389
Voss,4621,18182,1817.4536124794745,0.6684993839672655,2041.96,0.890053484142429
Vågan,1865,1196,119.55090311986864,0.0439734497428693,479.18,0.24949059459883266
Vågå,3435,7791,778.780172413793,0.2864524640022531,1329.99,0.5855534044720585
Våler,3114,5616,561.3694581280788,0.2064840248795602,256.95,2.1847420047794466
Våler,3419,14438,1443.2073070607553,0.5308433673808921,705.2800000000001,2.0462898523434028
Værøy,1857,879,87.86391625615764,0.0323182795351021,18.64,4.7137294128839935
Åfjord,5058,10544,1053.9671592775042,0.38767228602743636,1329.4299999999998,0.7927962805694954
Ål,3328,11828,1182.3144499178982,0.43488124043366055,1174.98,1.0062421912865736
Ålesund,1508,1685,168.43082922824303,0.061952560883557495,371.34,0.4535757775306809
Åmli,4217,15087,1508.0806650246304,0.5547052142731347,1130.6100000000001,1.3338646085074697
Åmot,3422,20938,2092.940476190476,0.7698295072877904,1339.9099999999999,1.5620007882547906
Årdal,4643,3814,381.24343185550083,0.1402297134776785,976.5799999999999,0.3903862784979222
Ås,3218,2705,270.38895730706076,0.09945500129971693,102.67999999999999,2.633316685888788
Åseral,4224,5534,553.1728243021346,0.20346912280688853,887.51,0.623286300213107
Åsnes,3418,21882,2187.301724137931,0.8045376482219615,1040.93,2.1012956914854324
Øksnes,1868,1064,106.35632183908045,0.0391201927478369,319.6,0.33277948009724795
Ørland,5057,3998,399.6358784893267,0.1469948595919661,457.15,0.8741898249793869
Ørsta,1520,2059,205.81547619047618,0.07570345570281596,661.58,0.3110968835068717
Østre Toten,3442,6512,650.9326765188833,0.23942734508826496,562.52,1.1571725032334554
Øvre Eiker,3314,9497,949.3101395730706,0.3491771339532021,456.76,2.0783565539300084
Øyer,3440,7622,761.8871100164204,0.28023882436467373,640.13,1.1902068486345279
Øygarden,4626,3943,394.13813628899834,0.14497266917736928,314.52,1.2531417279950348
Øystre Slidre,3453,10661,1065.662356321839,0.39197403654576046,969.8900000000001,1.0987455859137005
