kommune,lyn_treff,andel (%),lyn_per_år,areal_km2,lyn_per_km2
Guovdageaidnu  Kautokeino,124805,5.131902708286046,6240.25,9727.122531029352,12.830618674934362
Kárásjohka  Karasjok,47930,1.970851302497097,2396.5,5469.599705408536,8.762981311521774
Ringerike,37838,1.5558746418503058,1891.9,1556.6447368822783,24.307408815568117
Rendalen,37776,1.5533252410417344,1888.8,3179.984260138705,11.87930408132029
Trysil,32289,1.327703269483179,1614.45,3013.5664225931455,10.714547307776153
Nes,30683,1.2616655646676074,1534.15,811.1023848977879,37.82876313927564
Nes,30683,1.2616655646676074,1534.15,637.4526656262329,48.13377001076158
Aurskog-Høland,25314,1.0408956785189134,1265.7,961.761054727219,26.320466893078475
Midtre Gauldal,24098,0.9908945271766125,1204.9,1861.3786873522558,12.946317782481188
Stor-Elvdal,23286,0.9575056004579052,1164.3,2166.7209830063193,10.747115195095743
Surnadal,23064,0.948377100788505,1153.2,1455.5658806628985,15.845383782626259
Elverum,21730,0.8935238640363429,1086.5,1229.243373510763,17.67754089081509
Åmot,20938,0.8609573246752391,1046.9,1340.0033904168488,15.625333599705742
Oppdal,20538,0.8445095775231667,1026.9,2276.71985850727,9.020872692464556
Åsnes,20427,0.8399453276884665,1021.35,1040.7181625156447,19.627792360828458
Nordreisa,20284,0.8340652580816005,1014.2,3684.1131865370426,5.505802610550726
Våler,20055,0.824648922837039,1002.75,705.1921734355731,28.43905640968127
Våler,20055,0.824648922837039,1002.75,257.0899036785769,78.00773080950502
Snåsa,19276,0.7926169352583776,963.8,2341.564363944588,8.23210341633648
Engerdal,17454,0.717697446980687,872.7,2196.1653475347625,7.9474890265400315
Drangedal,17443,0.717245133934005,872.15,1065.0297325797094,16.37794651774618
Rindal,17336,0.7128453615708257,866.8,632.6188933778518,27.40354450597403
Kongsvinger,16866,0.6935192586671404,843.3,1036.2285094803512,16.276332725547164
Voss,16688,0.686200011184468,834.4,1816.7578546152963,9.185593973135035
Skien,16436,0.6758379304786624,821.8,784.6506592339614,20.946901409661894
Porsanger  Porsāngu  Porsanki,16320,0.6710680838045613,816.0,6012.740710981016,2.7142364496434923
Nore og Uvdal,16030,0.6591434671193086,801.5,2508.286267499105,6.390817590363305
Tynset,15759,0.6480001184237795,787.95,1881.4520171270453,8.375977626080417
Tinn,15687,0.6450395239364064,784.35,2049.753906161372,7.653113845933563
Sigdal,15601,0.6415032582987108,780.05,843.6349760895624,18.492595070339707
Sør-Odal,15466,0.6359521436348863,773.3,516.737491304654,29.93009073321076
Eidskog,15221,0.6258778985042419,761.05,640.3016069117568,23.771609872123406
Åmli,15087,0.6203679032082975,754.35,1133.8091239800492,13.30647256307092
Steinkjer,14840,0.6102114193418927,742.0,1619.3190343598476,9.164346052330929
Nord-Odal,14432,0.5934347172467787,721.6,508.1759053827733,28.399614871801894
Meldal,14169,0.582620323494291,708.45,613.941058879518,23.078762684253988
Grue,13941,0.5732451076176096,697.05,836.9913899779955,16.656085315724106
Notodden,13854,0.5696677226120338,692.7,920.9596158367987,15.043004885086122
Ringsaker,13767,0.5660903376064581,688.35,1280.6459269219229,10.750043950937684
Oslo,13746,0.5652268308809743,687.3,481.0351588058831,28.575873817878374
Gausdal,13706,0.563582056165767,685.3,1192.4224922523852,11.494248128539178
Nissedal,13513,0.555646018164892,675.65,907.4864272211357,14.89058083367583
Gran,13378,0.5500949035010675,668.9,757.1790285832949,17.668212529645263
Rennebu,13289,0.5464352797597314,664.45,948.7906830871601,14.006250521727788
Vang,13251,0.5448727437802844,662.55,1508.7726398529483,8.782635401773657
Røros,12917,0.5311388749083038,645.85,1956.2596379934957,6.602906766122701
Kongsberg,12859,0.5287539515712533,642.95,794.2192426576615,16.19074344883723
Nordre Land,12551,0.5160891862641575,627.55,956.2938471414765,13.124626951764936
Os,12472,0.5128407562016231,623.6,246.92145286957285,50.509989533343116
Os,12472,0.5128407562016231,623.6,1040.5032796011344,11.986507149483474
Lierne,12424,0.5108670265433743,621.2,2959.6664803037834,4.197770283469503
Stange,12393,0.5095923261390888,619.65,724.4093505127759,17.10773058247739
Sør-Aurdal,12361,0.5082765063669229,618.05,1110.4771821009133,11.131250780510598
Eidsvoll,12320,0.5065906122838355,616.0,456.6153436589377,26.981134495564056
Meråker,12233,0.5030132272782597,611.65,1273.1767976739857,9.60824924107078
Verdal,12147,0.49947696164056404,607.35,1564.3191697271523,7.765039408242164
Hattfjelldal,12094,0.4972976351429145,604.7,2682.2931880780243,4.508828510527538
Sunndal,11982,0.4926922659403341,599.1,1802.7592298421453,6.646478243824705
Ringebu,11833,0.48656548012618706,591.65,1248.4709708527023,9.477993702903715
Ål,11827,0.486318763918906,591.35,1177.732828152005,10.042175710222743
Tolga,11826,0.4862776445510258,591.3,1122.833671063969,10.53228123163957
Alta,11478,0.4719681045287227,573.9,4564.954223917695,2.514373515480611
Dovre,11396,0.46859631636254784,569.8,1366.0981150630882,8.342006971786004
Modum,11396,0.46859631636254784,569.8,517.8309601579674,22.007181641907973
Lesja,11228,0.46168826255867734,561.4,2263.769330286383,4.959869298423429
Fyresdal,11173,0.45942669732526736,558.65,1284.0570793439401,8.701326584102159
Sarpsborg,11012,0.45280647909655813,550.6,427.23489239175836,25.775048330796
Nannestad,10922,0.4491057359873418,546.1,341.1299082857709,32.01712818112224
Fredrikstad,10724,0.4409641011470659,536.2,559.4712654081204,19.168097922200005
Selbu,10722,0.44088186241130556,536.1,1235.0044497969595,8.681750095526171
Øystre Slidre,10602,0.4359475382656837,530.1,964.6967093734693,10.98998254786788
Vinje,10509,0.4321234370528269,525.45,3116.0057361044865,3.3725868595922286
Folldal,10507,0.4320411983170665,525.35,1277.959160910091,8.221702477970815
Holtålen,10346,0.4254209800883573,517.3,1209.6128872682798,8.5531496141421
Grane,10312,0.4240229215804311,515.6,2002.8110155512823,5.14876337304425
Hol,10115,0.4159224061080354,505.75,1859.8091147234793,5.438730200816293
Nord-Aurdal,10023,0.4121394242630587,501.15,907.8804472220322,11.03999984873423
Søndre Land,9590,0.3943347379709401,479.5,728.9664399222058,13.155612487487668
Lebesby,9585,0.3941291411315392,479.25,5751.385337506967,1.666555001538947
Bygland,9579,0.3938824249242581,478.95,1316.453552627736,7.276367617284809
Vaksdal,9560,0.3931011569345347,478.0,760.7543087974534,12.566474996522558
Flå,9527,0.3917442177944887,476.35,705.4558157338881,13.50474372387026
Øvre Eiker,9495,0.3904283980223229,474.75,457.26646531257137,20.76469787372129
Froland,9424,0.38750892290283,471.2,646.3443474434233,14.580463242660159
Rana,9418,0.3872622066955489,470.9,4584.68138327467,2.054232172895964
Flesberg,9389,0.3860697450270237,469.45,562.7787079907414,16.68328930481582
Birkenes,9379,0.3856585513482218,468.95,676.2736945717203,13.868645306305547
Kvinesdal,9357,0.38475392525485785,467.85,976.1577586237562,9.58554077692528
Sirdal,9309,0.38278019559660914,465.45,1562.017139588943,5.959601699664919
Suldal,9217,0.3789972137516324,460.85,1918.1570834008637,4.805133051803243
Kviteseid,9184,0.37764027461158645,459.2,710.2807354340812,12.93009868047074
Sør-Varanger,9036,0.3715546081653196,451.8,5143.478473626021,1.756787754888736
Målselv,8849,0.36386528637172566,442.45,3356.3008298020823,2.63653362696985
Hemne,8843,0.3636185701644446,442.15,790.1376888661442,11.191720284460544
Gjøvik,8722,0.3586431266509426,436.1,672.7078721148325,12.96550904418603
Grong,8499,0.34947350761366214,424.95,1135.63287926968,7.483932664459016
Deatnu  Tana,8498,0.349432388245782,424.9,4386.599568147418,1.9372636749674739
Hemsedal,8492,0.34918567203850087,424.6,755.2518860270886,11.24393087539462
Nome,8345,0.3431411249601142,417.25,2.9328905434787207,2845.3158671588
Nome,8345,0.3431411249601142,417.25,427.58480869773456,19.516596076964916
Orkdal,8301,0.3413318727733862,415.05,640.8010523149275,12.954098577104705
Kvinnherad,8216,0.3378367265035708,410.8,1513.9061651330528,5.427020636564961
Ullensaker,8196,0.3370143391459672,409.8,252.52160836588476,32.45662837742034
Nord-Fron,8119,0.3338481478191932,405.95,1142.966899099471,7.1034428087085075
Sel,8062,0.33150434385002286,403.1,906.0911120760073,8.897559961192645
Vegårshei,8046,0.33084643396394,402.3,356.480729521874,22.570645012962164
Alvdal,8032,0.33027076281361745,401.6,942.6682627331752,8.520494767387198
Hjartdal,7982,0.3282147944196083,399.1,793.046098626999,10.06498867319219
Stjørdal,7907,0.3251308418285947,395.35,1000.7109978363409,7.90138213439834
Kvænangen,7801,0.3207721888332955,390.05,2685.0502356290904,2.9053460141956244
Vågå,7789,0.3202787564187333,389.45,1332.2760713291598,5.846385871232544
Krødsherad,7772,0.31957972716477023,388.6,375.01259082288374,20.724637492693333
Namsskogan,7705,0.3168247295167981,385.25,1416.337099525071,5.440089087960526
Øyer,7622,0.31341182198274303,381.1,640.2928554710119,11.903927921221468
Melhus,7459,0.30670936501827345,372.95,696.9065574311799,10.703013080396481
Seljord,7191,0.2956893744263848,359.55,716.8482218648588,10.031412202282977
Bindal,7019,0.2886168431509936,350.95,1904.7905758888528,3.68491953333224
Hjelmeland,6973,0.28672535222850526,348.65,1201.2665228701553,5.804706838362223
Gjerstad,6906,0.2839703545805331,345.3,322.82922653058006,21.392115188015133
Lunner,6887,0.28318908659080966,344.35,292.0185410175167,23.5841189261571
Tydal,6880,0.2829012510156484,344.0,1329.003147014623,5.176812421742369
Kvam,6874,0.28265453480836733,343.7,765.8495997025736,8.975652664269324
Nærøy,6866,0.2823255798653258,343.3,1552.9525585727172,4.421255473708985
Lardal,6783,0.27891267233127076,339.15,278.0376699308975,24.395974839257654
Bergen,6685,0.27488297427901304,334.25,573.7744144572195,11.650920347021561
Forsand,6605,0.2715934248485985,330.25,850.6667665504793,7.764497520907975
Åfjord,6579,0.2705243212837138,328.95,1412.0822651950762,4.659076997253503
Namsos,6512,0.2677693236357416,325.6,1040.0903047205572,6.260994810205052
Østre Toten,6512,0.2677693236357416,325.6,562.8192687835922,11.5703217021589
Sør-Fron,6491,0.26690581691025783,324.55,742.947770043927,8.736818739783306
Lier,6469,0.2660011908168938,323.45,307.8215166134188,21.01542501372368
Vefsn,6440,0.26480872914836856,322.0,2029.0204874834287,3.173945280359125
Bjerkreim,6357,0.2613958216143135,317.85,654.1858988099676,9.717421319481275
Rauma,6338,0.26061455362459,316.9,1639.4118966316112,3.8660204998037773
Hurdal,6325,0.2600800018421477,316.25,285.0723268721771,22.187351783310948
Evje og Hornnes,6258,0.25732500419417553,312.9,552.1847191022725,11.333164036437106
Nittedal,6188,0.2544466484425628,309.4,186.32161991167973,33.211390084163284
Valle,6185,0.25432329033892226,309.25,1270.0120172818297,4.870032657830733
Nesset,6161,0.25333642550979796,308.05,1134.0865741422224,5.432565855618151
Sørum,6145,0.252678515623715,307.25,206.66696768171602,29.733827659695482
Lom,6144,0.2526373962558348,307.2,1972.7132734527152,3.1144921477851395
Løten,6049,0.24873105630721762,302.45,369.4945448857731,16.37101300607837
Bardu,5985,0.246099416762886,299.25,2703.408552065756,2.2138718157959074
Luster,5885,0.24198747997486786,294.25,2814.744669757005,2.0907757862485083
Tokke,5884,0.24194636060698768,294.2,987.585779263874,5.957963473700292
Hvaler,5859,0.24091837640998312,292.95,518.8574475733182,11.292118918987056
Bærum,5839,0.24009598905237953,291.95,216.87796857717325,26.92297441877904
Høyanger,5771,0.23729987203652717,288.55,1122.3936522428241,5.141689805950072
Flekkefjord,5752,0.2365186040468037,287.6,863.6728352332177,6.659929275704019
Rollag,5751,0.23647748467892352,287.55,450.0675618300068,12.778081532061595
Etnedal,5727,0.2354906198497992,286.35,459.7237569705949,12.45748107023826
Snillfjord,5637,0.23178987674058282,281.85,649.1822845491982,8.683231403818137
Gjesdal,5538,0.22771905932044487,276.9,629.9115565947769,8.79171042667916
Åseral,5534,0.22755458184892416,276.7,891.0208611204021,6.210853461995656
Eidsberg,5527,0.2272667462737629,276.35,235.96320978095943,23.423142976952292
Hægebostad,5477,0.2252107778797538,273.85,463.29732383921896,11.82178207854427
Jevnaker,5422,0.22294921264634382,271.1,225.89649162147288,24.002143464385725
Vindafjord,5419,0.2228258545427033,270.95,769.5175955300996,7.042074192295758
Sande,5416,0.22270249643906276,270.8,460.5053564831673,11.760992404868952
Sande,5416,0.22270249643906276,270.8,200.08677517458077,27.068255736914164
Masfjorden,5345,0.21978302131956984,267.25,645.4072100562198,8.281593258827106
Vennesla,5341,0.21961854384804913,267.05,385.8308782184184,13.842852662965111
Rakkestad,5335,0.21937182764076804,266.75,434.803403541549,12.269913152807685
Lærdal,5292,0.21760369482192024,264.6,1410.4544613354922,3.7519821767157637
Overhalla,5236,0.21530101022063006,261.8,729.6048144519366,7.1764877318321565
Aurland,5231,0.21509541338122917,261.55,1521.9075844408676,3.4371338006846277
Sauherad,5195,0.21361511613754264,259.75,321.1002161551851,16.178749619680417
Siljan,5149,0.21172362521505428,257.45,214.26187461671765,24.03134019624718
Hole,5148,0.2116825058471741,257.4,192.85396805918177,26.693772763961046
Enebakk,5086,0.20913310503860288,254.3,232.66996848523976,21.859288644390084
Hamar,5027,0.20670706233367214,251.35,351.035036884057,14.32050784623064
Hurum,4983,0.20489781014694416,249.15,260.91445669381994,19.09821350316166
Levanger,4957,0.20382870658205943,247.85,837.0197924755958,5.922201654681334
Tysvær,4895,0.2012793057734882,244.75,639.6078745800983,7.65312653977808
Røyrvik,4874,0.20041579904800438,243.7,1583.6548434327606,3.0776908366188076
Gol,4837,0.19889438243643767,241.85,533.4545446549364,9.067314260353335
Bø,4780,0.19655057846726734,239.0,263.7416592013805,18.123795893580166
Bø,4780,0.19655057846726734,239.0,1824.3385110765423,2.6201277728766037
Vestre Slidre,4727,0.19437125196961771,236.35,464.1686852178982,10.183797723840351
Lillehammer,4726,0.19433013260173754,236.3,478.51132979586663,9.876464162334706
Gloppen,4723,0.194206774498097,236.15,1100.735396963747,4.29076780216922
Ullensvang,4710,0.19367222271565462,235.5,1537.7252114589464,3.062965973960521
Brønnøy,4703,0.19338438714049336,235.15,2098.4180224634474,2.241212165381086
Samnanger,4670,0.19202744800044738,233.5,291.6793233658402,16.010733795287333
Flatanger,4624,0.19013595707795902,231.2,1284.0158093614086,3.6012017658097966
Namdalseid,4570,0.18791551121242922,228.5,805.6381915163267,5.67252154642595
Storfjord,4560,0.18750431753362742,228.0,1605.920214706514,2.8394934930396603
Hemnes,4557,0.1873809594299869,227.85,1651.9209134262255,2.758606639677678
Odda,4510,0.18544834913961833,225.5,1634.9473825165717,2.758498559787313
Bykle,4493,0.18474931988565527,224.65,1472.9832862419623,3.050272220985642
Høylandet,4478,0.18413252936745256,223.9,758.9370728695408,5.900357434205557
Modalen,4428,0.18207656097344346,221.4,420.79295423749835,10.522989882337258
Etne,4426,0.1819943222376831,221.3,817.8654993570616,5.411647762962683
Aure,4421,0.1817887253982822,221.05,1050.2778771223957,4.2093622043271814
Hof,4258,0.17508626843381261,212.9,163.29775156370357,26.075068145313224
Flora,4247,0.1746339553871306,212.35,2153.9191729427384,1.9717545826929253
Hobøl,4207,0.17298918067192337,210.35,140.45924522827056,29.951748588445692
Fet,4122,0.16949403440210795,206.1,176.4091923178428,23.366129314697183
Lyngdal,4122,0.16949403440210795,206.1,629.5212934232826,6.547832524591692
Ski,4105,0.16879500514814486,205.25,165.61547152965963,24.786331627627234
Bamble,4089,0.16813709526206194,204.45,371.40131873610585,11.00965396115188
Marnardal,4036,0.16595776876441234,201.8,396.54313305736866,10.177959630475064
Stryn,4032,0.1657932912928916,201.6,1460.60363008282,2.760502518928681
Lindås,4028,0.16562881382137087,201.4,640.8549223842176,6.285353922248656
Trøgstad,3978,0.16357284542736183,198.9,204.49930426357108,19.452388918022493
Bodø,3963,0.1629560549091591,198.15,4827.96884254245,0.8208420827158963
Vik,3953,0.16254486123035727,197.65,974.7338013083933,4.055466215179832
Skjåk,3859,0.15867964064962023,192.95,2080.9522167928667,1.8544395055583904
Verran,3839,0.1578572532920166,191.95,676.3978591240162,5.6756536825408945
Årdal,3814,0.15682926909501205,190.7,1011.8263537178099,3.7694214881693955
Gamvik,3810,0.1566647916234913,190.5,3119.9096997210627,1.2211891902963201
Inderøy,3736,0.15362195840035792,186.8,561.2851075982462,6.65615379675125
Fusa,3704,0.1523061386281921,185.2,509.93317916432613,7.263696796647125
Lund,3676,0.15115479632754703,183.8,410.5600440171844,8.953623358063888
Førde,3661,0.1505380058093443,183.05,607.3442795711446,6.027882575242315
Spydeberg,3590,0.1476185306898514,179.5,142.0909218703811,25.265512762841304
Re,3553,0.14609711407828468,177.65,249.9292695765429,14.21602202102969
Roan,3498,0.14383554884487473,174.9,975.2242964790742,3.5868671572571493
Bremanger,3405,0.14001144763201784,170.25,1942.4976724462897,1.7528978532632702
Jølster,3392,0.13947689584957548,169.6,673.7234194446121,5.03470697633788
Sogndal,3385,0.13918906027441422,169.25,855.9161703763144,3.954826555633061
Iveland,3333,0.13705085314464477,166.65,262.51529165186025,12.696403241987605
Fosnes,3295,0.13548831716519788,164.75,681.3262313282493,4.836156085721783
Rissa,3280,0.13487152664699517,164.0,767.9058146917263,4.271357160274594
Drammen,3226,0.13265108078146537,161.3,146.08467463694438,22.083083033982774
Ulvik,3225,0.1326099614135852,161.25,748.60812892198,4.307994898003719
Gaular,3213,0.132116528999023,160.65,591.6200124806912,5.4308507694453
Eidfjord,3187,0.13104742543413828,159.35,1523.9477546867056,2.091279041685511
Sandnes,3168,0.13026615744441483,158.4,356.68119404699024,8.881881222991078
Osen,3125,0.12849802462556703,156.25,1752.923428922588,1.7827361700109976
Leksvik,3109,0.12784011473948415,155.45,614.9814268877686,5.05543722797238
Gulen,3092,0.12714108548552105,154.6,989.2326619170873,3.1256549839426517
Osterøy,3077,0.12652429496731832,153.85,313.44471540999115,9.816723169108883
Balsfjord,3042,0.125085117091512,152.1,1741.513799907435,1.746756184281565
Eigersund,3014,0.12393377479086688,150.7,1068.0507832466833,2.82196319433237
Holmestrand,2998,0.12327586490478398,149.9,94.48580655371991,31.729633363456415
Tysnes,2982,0.1226179550187011,149.1,485.37125247796774,6.143750757334687
Vestre Toten,2976,0.12237123881142,148.8,249.66950010098589,11.919757915148917
Gáivuotna  Kåfjord,2964,0.12187780639685783,148.2,1115.8291870750165,2.65632055007424
Råde,2962,0.12179556766109746,148.1,158.95706720745736,18.63396231470632
Asker,2943,0.12101429967137402,147.15,131.0617155085199,22.455070030032417
Trondheim,2937,0.12076758346409291,146.85,528.1240057872703,5.561193901083586
Jondal,2886,0.11867049570220367,144.3,332.6074292876079,8.676895781255855
Vestby,2857,0.1174780340336784,142.85,151.5629689776467,18.850250950292253
Bjugn,2793,0.11484639448934679,139.65,1174.3025271355405,2.378433100040179
Frogn,2720,0.11184468063409356,136.0,0.27234383488699593,9987.374970792396
Frogn,2720,0.11184468063409356,136.0,115.1776179097997,23.615699381195252
Ås,2711,0.11147460632317191,135.55,104.18397911952559,26.0212752758252
Unjárga  Nesseby,2672,0.10987095097584483,133.6,1646.8760824055992,1.6224657268062317
Sauda,2664,0.10954199603280339,133.2,567.510582705891,4.694185590862545
Marker,2648,0.10888408614672049,132.4,412.9317340225668,6.4126822470255735
Kragerø,2639,0.10851401183579884,131.95,1061.5178942212299,2.4860626602400058
Rygge,2584,0.10625244660238888,129.2,127.0389632794621,20.340216365869427
Saltdal,2571,0.1057178948199465,128.55,2244.1746239710733,1.145632774088947
Lindesnes,2563,0.10538893987690506,128.15,805.8853707272899,3.1803530540416203
Rømskog,2551,0.10489550746234289,127.55,183.13981354158892,13.929248647076392
Audnedal,2527,0.10390864263321853,126.35,252.4730928869236,10.008987378040242
Gjerdrum,2521,0.10366192642593745,126.05,83.22553373111847,30.291184531717633
Porsgrunn,2489,0.10234610665377164,124.45,199.32012351020342,12.487449617060795
Gjemnes,2483,0.10209939044649055,124.15,471.75580816185106,5.26331622640696
Fjaler,2477,0.10185267423920945,123.85,490.9444486676654,5.045377347115607
Stranda,2464,0.1013181224567671,123.2,947.6493236566098,2.600117932330056
Røyken,2431,0.0999611833167211,121.55,143.26026141924046,16.96911604039211
Molde,2427,0.09979670584520038,121.35,586.7680074224027,4.136217328312603
Ørsta,2418,0.09942663153427875,120.9,947.4626055165874,2.552079613402397
Nedre Eiker,2416,0.09934439279851838,120.8,121.91576246987636,19.816961736977685
Tromsø,2395,0.09848088607303457,119.75,5286.336053227574,0.4530548145038438
Skiptvet,2382,0.09794633429059223,119.1,101.2414505432398,23.527912601199425
Hitra,2373,0.09757625997967058,118.65,1399.9151677175623,1.695102713880132
Nesodden,2370,0.09745290187603003,118.5,116.63269909733316,20.320201953160414
Berlevåg,2274,0.09350544255953262,113.7,2454.8940452139273,0.9263128909507932
Skedsmo,2263,0.09305312951285062,113.15,77.06423856614481,29.365112042956866
Narvik,2249,0.09247745836252809,112.45,2222.506784691107,1.0119204204420797
Finnøy,2230,0.09169619037280463,111.5,390.587244720444,5.709351828926425
Halsa,2229,0.09165507100492445,111.45,384.0236155469231,5.804330540520216
Kvalsund,2207,0.09075044491156047,110.35,2148.124163049199,1.0274080232248906
Naustdal,2185,0.08984581881819646,109.25,400.14744089124576,5.4604872522322365
Strand,2185,0.08984581881819646,109.25,334.50469790255664,6.5320457790296995
Moss,2147,0.08828328283874959,107.35,125.19473803851417,17.14928305804282
Sørfold,2140,0.08799544726358831,107.0,1828.4156090045658,1.1704122353041322
Eid,2124,0.0873375373775054,106.2,552.2518751166285,3.846071141997369
Norddal,2110,0.08676186622718286,105.5,989.600989131502,2.132172484843399
Beiarn,2108,0.08667962749142251,105.4,1238.2971971953712,1.7023376979084064
Horten,2102,0.0864329112841414,105.1,149.6693933722217,14.044287563673166
Horten,2102,0.0864329112841414,105.1,0.003245443992960899,647677.1759300315
Time,2089,0.08589835950169905,104.45,184.3235233517329,11.333333705941014
Agdenes,2073,0.08524044961561615,103.65,462.95326684510246,4.477773780768235
Tingvoll,2064,0.08487037530469452,103.2,505.8868920168296,4.079963392155525
Skaun,1992,0.08190978081732145,99.6,252.99142663110183,7.873784604189868
Tvedestrand,1986,0.08166306461004036,99.3,611.0360041850946,3.2502176408550914
Rennesøy,1973,0.081128512827598,98.65,216.63767199105482,9.107372609143747
Stord,1929,0.07931926064087003,96.45,227.22814257907828,8.489265361700008
Sveio,1928,0.07927814127298985,96.4,376.3740668878294,5.122563347528939
Lørenskog,1910,0.07853799265114658,95.5,70.57748335051708,27.062455464927066
Hå,1906,0.07837351517962585,95.3,1067.4648184368805,1.7855389396261423
Grimstad,1835,0.07545404006013295,91.75,944.2527744245339,1.9433355661764655
Larvik,1767,0.07265792304428062,88.35,1283.2622055781935,1.3769594337922941
Rælingen,1753,0.07208225189395809,87.65,71.7091279734097,24.445981279398993
Sokndal,1740,0.07154770011151573,87.0,873.1323240176533,1.9928250874890527
Vevelstad,1736,0.071383222639995,86.8,660.7678741181793,2.627246371983142
Steigen,1713,0.07043747717875083,85.65,3481.9276985997435,0.49196885986141603
Svelvik,1704,0.0700674028678292,85.2,77.58164661247379,21.963957642090392
Leka,1702,0.06998516413206883,85.1,1704.9525156367574,0.9982682710458627
Tysfjord,1693,0.0696150898211472,84.65,1927.6450617308922,0.878273720411891
Vadsø,1688,0.06940949298174628,84.4,1976.3435921586506,0.8541024985216721
Balestrand,1640,0.06743576332349759,82.0,537.4225250510324,3.0516026469941306
Volda,1617,0.0664900178622534,80.85,659.4526040710397,2.452033686754247
Frosta,1581,0.06500972061856687,79.05,247.43938368192573,6.389443654743004
Askvoll,1549,0.06369390084640107,77.45,1599.1451027801252,0.9686425561426868
Lyngen,1511,0.06213136486695418,75.55,1299.8478893984727,1.1624437077012462
Vanylven,1507,0.06196688739543344,75.35,486.0293122812931,3.1006360355644818
Hyllestad,1490,0.061267858141470365,74.5,386.4858659783233,3.8552509448911363
Klæbu,1470,0.06044547078386674,73.5,186.43469709679601,7.884798392633872
Askim,1458,0.05995203836930455,72.9,69.17379677486679,21.07734529514421
Songdalen,1421,0.05843062175773785,71.05,216.73659942307776,6.556345369367709
Nordkapp,1414,0.058142786182576574,70.7,4110.854072113059,0.3439674518227733
Andebu,1412,0.05806054744681621,70.6,186.1102068803241,7.586902533013514
Stavanger,1405,0.05777271187165494,70.25,140.9726764515088,9.966470349899941
Haram,1385,0.05695032451405131,69.25,1067.7622234056366,1.2971052633633458
Skjervøy,1384,0.05690920514617113,69.2,1562.245297839266,0.8859044107312749
Sømna,1384,0.05690920514617113,69.2,789.9081375537311,1.7521024714166307
Granvin,1381,0.05678584704253059,69.05,229.45373604174452,6.018642467206351
Fitjar,1356,0.05575786284552604,67.8,242.1423889101203,5.60001082876624
Vikna,1336,0.054935475487922415,66.8,3293.032821067055,0.4057050362368057
Risør,1325,0.05448316244124042,66.25,585.8169514513852,2.261798667172841
Rødøy,1283,0.052756148990272804,64.15,3103.9793281978873,0.4133403816013446
Fræna,1224,0.0503301062853421,61.2,1127.1859191253773,1.0858900729967813
Malvik,1220,0.05016562881382137,61.0,0.6522569507693996,1870.4285152667105
Malvik,1220,0.05016562881382137,61.0,0.37321364973156046,3268.905091969448
Malvik,1220,0.05016562881382137,61.0,231.7581217156426,5.264108938097489
Båtsfjord,1212,0.049836673870779925,60.6,2833.2735929013284,0.42777372543076153
Oppegård,1209,0.049713315767139374,60.45,45.49290088919887,26.575575009925256
Måsøy,1188,0.04884980904165556,59.4,3890.6771501010985,0.30534530472905724
Fauske,1155,0.04749286990160958,57.75,1292.890663592414,0.8933470033658745
Hamarøy,1151,0.04732839243008885,57.55,1561.3261502671432,0.7371938270572511
Ballangen,1124,0.046218169497323956,56.2,1192.331555656691,0.9426908100079121
Ørland,1098,0.04514906593243923,54.9,335.60331046363876,3.2717198125462583
Vestnes,1090,0.04482011098939778,54.5,467.9471428369366,2.3293229089761263
Alstahaug,1071,0.04403884299967433,53.55,584.9518651299817,1.830919882206058
Leirfjord,1044,0.04292862006690944,52.2,595.8098214006403,1.7522369764663266
Salangen,961,0.03951571253285437,48.05,521.3115423340224,1.8434274363030578
Sola,912,0.03750086350672548,45.6,568.8134937987808,1.603337491010054
Arendal,878,0.03610280499879931,43.9,920.8827589013374,0.9534329875471891
Gildeskål,872,0.03585608879151823,43.6,1501.1376890974188,0.5808927497678796
Sykkylven,853,0.035074820801794776,42.65,402.10888373474387,2.1213159780938637
Meløy,825,0.0339234785011497,41.25,2741.350347253302,0.3009465757729979
Bokn,795,0.03268989746474425,39.75,189.83916070518256,4.187755556055283
Hornindal,794,0.03264877809686407,39.7,192.36086877427212,4.127658629633908
Averøy,782,0.0321553456823019,39.1,720.6171309901072,1.0851809738765918
Vågsøy,759,0.031209600221057718,37.95,825.8086233291325,0.919099145441467
Loppa,750,0.03083952591013609,37.5,2810.3849702857324,0.2668673537361493
Selje,722,0.02968818360949101,36.1,1047.2945245982744,0.6893953735478067
Randaberg,721,0.02964706424161083,36.05,91.30058595230143,7.896992034384919
Tønsberg,709,0.029153631827048648,35.45,160.32881466360445,4.42216205170353
Dyrøy,666,0.027385499008200847,33.3,469.5001268237876,1.4185299682569896
Farsund,663,0.027262140904560302,33.15,1259.2284913557987,0.5265128644652525
Stordal,661,0.02717990216879994,33.05,274.44516969493725,2.4084956595692404
Sørreisa,635,0.026110798603915224,31.75,390.8703079124375,1.6245797829756161
Klepp,621,0.025535127453592682,31.05,550.3868542547127,1.1282972970728118
Giske,605,0.024877217567509775,30.25,911.9957423472149,0.663380289959363
Nesna,604,0.024836098199629595,30.2,402.58164658812,1.5003167807546638
Midsund,597,0.024548262624468326,29.85,276.08786023942884,2.1623551266697123
Eide,583,0.023972591474145787,29.15,446.46860652211814,1.3058028974118208
Leikanger,566,0.0232735622201827,28.3,218.41953439540015,2.591343313530659
Austevoll,538,0.02212221991953762,26.9,953.5864006476304,0.564185898241225
Lavangen,499,0.020518564572210542,24.95,324.4072660830561,1.5381899611096996
Bømlo,487,0.020025132157648368,24.35,1668.8967910735769,0.29180953705754326
Kristiansund,487,0.020025132157648368,24.35,671.256571443384,0.7255050016908106
Ulstein,449,0.018462596178201472,22.45,257.8247873375069,1.7414927580730792
Kristiansand,447,0.01838035744244111,22.35,778.792819562055,0.5739652302538757
Skånland,428,0.01759908945271766,21.4,580.3737864771863,0.7374557741450029
Vega,425,0.01747573134907712,21.25,2920.9151561293947,0.14550234336939186
Herøy,417,0.017146776406035662,20.85,1199.4915353909018,0.347647305292658
Herøy,417,0.017146776406035662,20.85,2261.5780835881505,0.18438452469366018
Gratangen,409,0.016817821462994213,20.45,374.4615560017999,1.0922349529467694
Lurøy,396,0.016283269680551854,19.8,1336.9854044415038,0.29618872329082774
Lenvik,395,0.016242150312671674,19.75,1585.9131812786857,0.24906785860845201
Halden,390,0.01603655347327077,19.5,661.5551753886765,0.5895199894262295
Sula,350,0.014391778758063509,17.5,123.50106738469523,2.833983603637854
Aukra,348,0.014309540022303146,17.4,463.39661517910315,0.7509765686689311
Evenes,336,0.013816107607740968,16.8,390.0850827029384,0.8613505486337045
Hareid,327,0.013446033296819334,16.35,135.67749095339755,2.41012711616489
Ørskog,317,0.013034839618017519,15.85,154.66855847726976,2.0495438964512407
Ålesund,311,0.012788123410736431,15.55,195.36837827179602,1.5918645727167655
Smøla,284,0.011677900477971532,14.2,2159.643570279703,0.13150318131580305
Askøy,275,0.0113078261670499,13.75,221.05388869269146,1.2440405442597948
Sandøy,270,0.011102229327648993,13.5,1011.0987504005467,0.26703623151847383
Skodje,264,0.010855513120367904,13.2,157.47561982990166,1.6764499818140826
Lillesand,229,0.009416335244561553,11.45,853.205126042004,0.2683997001545513
Ibestad,213,0.00875842535847865,10.65,592.3503061895868,0.3595845191170164
Dønna,208,0.008552828519077741,10.4,758.9635074093325,0.2740579724445423
Vardø,202,0.008306112311796654,10.1,2507.1514461453007,0.08056952455368074
Meland,198,0.008141634840275927,9.9,131.35441726541657,1.5073722233483662
Tjeldsund,177,0.007278128114792117,8.85,444.5045243905344,0.3981961718897842
Hammerfest,81,0.0033306687982946974,4.05,3232.412783805449,0.025058680749505163
Karlsøy,77,0.003166191326773972,3.85,5887.708243590053,0.013078093685064964
Kvitsøy,76,0.0031250719588937904,3.8,364.9154830865597,0.20826740306322503
Nøtterøy,42,0.001727013450967621,2.1,202.98473422543972,0.20691211169286156
Radøy,27,0.001110222932764899,1.35,211.1663875639597,0.12786125818353564
Solund,22,0.0009046260933639918,1.1,1759.954283308386,0.012500324700846263
Haugesund,12,0.0004934324145621774,0.6,368.1721724553852,0.0325934464844818
Tranøy,11,0.0004523130466819959,0.55,937.8636055027949,0.011728784372758368
Lødingen,6,0.0002467162072810887,0.3,1043.128349392537,0.00575192880482453
Sund,3,0.00012335810364054434,0.15,568.849185263232,0.005273805566956671
Harstad,3,0.00012335810364054434,0.15,1519.3089490014759,0.001974581932115695
